{"train_loss": [0.8677188856433137, 0.8510340548524953, 0.8292484807245659, 0.8019743495517306, 0.7783698590114864, 0.7474317460349111, 0.6761640557134995, 0.6433458111502908, 0.5852530875591316, 0.531572897024829, 0.5232043145882963, 0.483423240257032, 0.4430586075541949, 0.47261307757310195, 0.3568978580561551, 0.312825572310072, 0.2668568323356937, 0.1592304781831876, 0.15313785146884243, 0.16383536415870745, 0.08167964581287268, 0.13632210155930183, 0.18738931071276616, 0.14990514456623732, 0.16762837745023496, 0.11744629189071029, 0.2623518765574754, 0.1417631363552628, 0.22162567921961196, 0.26842297192173775, 0.3794507969810505, 0.23198929188227413, 0.2923580404709686, 0.14533357818921408, 0.34818986329165375, 0.13828108226410066, 0.29825067640555025], "val_loss": [0.8624281883239746, 0.8500708341598511, 0.8232792615890503, 0.7832372784614563, 0.6924326419830322, 0.6055901646614075, 0.5196953415870667, 0.4939446449279785, 0.45602548122406006, 0.41116249561309814, 0.3954697847366333, 0.3922979235649109, 0.3737052381038666, 0.3379664719104767, 0.28319862484931946, 0.1563505083322525, 0.08315382152795792, 0.046713147312402725, 0.05644325539469719, 0.0472671277821064, 0.14616498351097107, 0.4080229103565216, 0.4413585364818573, 0.38911598920822144, 0.27963781356811523, 0.23610736429691315, 0.17639249563217163, 0.3357728123664856, 0.45022743940353394, 0.39556950330734253, 0.349928081035614, 0.29906630516052246, 0.24578768014907837, 0.20096231997013092, 0.14842438697814941, 0.17045541107654572, 0.20039552450180054], "lr": [0.0001, 0.0001, 0.0001, 0.0001, 0.0001, 0.0001, 0.0001, 0.0001, 0.0001, 0.0001, 0.0001, 0.0001, 0.0001, 0.0001, 0.0001, 0.0001, 0.0001, 0.0001, 0.0001, 0.0001, 0.0001, 0.0001, 0.0001, 0.0001, 0.0001, 0.0001, 0.0001, 0.0001, 0.0001, 1e-05, 1e-05, 1e-05, 1e-05, 1e-05, 1e-05, 1e-05, 1e-05], "train_bce_loss": [0.690101212323314, 0.6825694556188102, 0.6731643074690693, 0.6631406894837967, 0.6487335683119417, 0.623173926213775, 0.5658172805501958, 0.544111794895596, 0.48925370760638304, 0.4404256888712295, 0.43229152999743065, 0.39238967979797207, 0.35365743709333014, 0.3829624643831542, 0.2666070590717624, 0.2334604463492981, 0.19587816433473068, 0.12317098203030499, 0.12547333388015477, 0.10884919852921457, 0.06430383463098545, 0.1104587877188066, 0.16866793170232663, 0.12939940799366345, 0.140532258935649, 0.08857064891719457, 0.15927147624468563, 0.10586263783125564, 0.1951919782793883, 0.17915041082435185, 0.280921720946678, 0.1727142550728538, 0.2554645494492066, 0.11506615157681283, 0.2510682019320401, 0.1071799182229572, 0.19169144198825264], "val_bce_loss": [0.6912762522697449, 0.683952808380127, 0.6710330843925476, 0.6533010005950928, 0.59125155210495, 0.5165179967880249, 0.43838757276535034, 0.4135655164718628, 0.3766399025917053, 0.33212223649024963, 0.31535258889198303, 0.31046414375305176, 0.29075995087623596, 0.2542087137699127, 0.2029722034931183, 0.09935030341148376, 0.05519133433699608, 0.03994939848780632, 0.05225779861211777, 0.04498167708516121, 0.13162323832511902, 0.3865167498588562, 0.4213772714138031, 0.38136956095695496, 0.27497196197509766, 0.2286020666360855, 0.16970685124397278, 0.3056642413139343, 0.4018873870372772, 0.3535304069519043, 0.3161815404891968, 0.272406667470932, 0.2232278734445572, 0.17821598052978516, 0.13186290860176086, 0.15331636369228363, 0.18657295405864716], "train_focal_loss": [0.1776176742231003, 0.1684646097698597, 0.15608416889050994, 0.13883365525139701, 0.12963628497990695, 0.12425782463767311, 0.1103467604879177, 0.09923400857833901, 0.09599938672600371, 0.09114718715650867, 0.09091278173104682, 0.09103356079772265, 0.08940116654742848, 0.08965060114860535, 0.09029079221113763, 0.07936512596077389, 0.07097867281749995, 0.03605949615288263, 0.0276645150957535, 0.05498616863982846, 0.017375810805595283, 0.025863312862136147, 0.018721381418707998, 0.020505737663820536, 0.027096118458142183, 0.02887564358969379, 0.10308039369005145, 0.03590049971403046, 0.026433698118034036, 0.08927256350565438, 0.09852907121783555, 0.059275034739814624, 0.03689349074189485, 0.030267426640623145, 0.097121658349278, 0.031101161576431207, 0.10655924278979349], "val_focal_loss": [0.17115195095539093, 0.16611801087856293, 0.15224617719650269, 0.12993629276752472, 0.10118106752634048, 0.08907215297222137, 0.0813077837228775, 0.08037912845611572, 0.07938557863235474, 0.07904024422168732, 0.08011719584465027, 0.08183378726243973, 0.08294529467821121, 0.08375775814056396, 0.08022641390562057, 0.05700020492076874, 0.02796248532831669, 0.00676374975591898, 0.00418545538559556, 0.0022854518610984087, 0.014541744254529476, 0.021506154909729958, 0.019981270655989647, 0.007746429182589054, 0.004665836691856384, 0.007505293004214764, 0.006685649510473013, 0.030108576640486717, 0.04834005609154701, 0.04203908517956734, 0.03374655172228813, 0.026659633964300156, 0.02255980670452118, 0.022746341302990913, 0.0165614802390337, 0.017139052972197533, 0.013822575099766254]}